Nama File,Persentase Kemiripan
247.jpg,99.00%
272.jpg,99.00%
259.jpg,99.00%
241.jpg,99.00%
243.jpg,99.00%
217.jpg,99.00%
231.jpg,99.00%
228.jpg,99.00%
277.jpg,99.00%
238.jpg,99.00%
218.jpg,99.00%
268.jpg,99.00%
257.jpg,99.00%
276.jpg,99.00%
236.jpg,99.00%
254.jpg,99.00%
255.jpg,99.00%
242.jpg,99.00%
286.jpg,99.00%
251.jpg,99.00%
232.jpg,99.00%
260.jpg,99.00%
234.jpg,99.00%
233.jpg,99.00%
244.jpg,99.00%
216.jpg,99.00%
285.jpg,99.00%
281.jpg,99.00%
279.jpg,99.00%
263.jpg,99.00%
219.jpg,99.00%
278.jpg,99.00%
250.jpg,99.00%
226.jpg,99.00%
230.jpg,99.00%
214.jpg,99.00%
221.jpg,99.00%
249.jpg,99.00%
274.jpg,99.00%
248.jpg,99.00%
287.jpg,99.00%
239.jpg,99.00%
258.jpg,99.00%
229.jpg,99.00%
240.jpg,99.00%
275.jpg,99.00%
225.jpg,99.00%
269.jpg,99.00%
209.jpg,99.00%
280.jpg,99.00%
270.jpg,99.00%
215.jpg,99.00%
222.jpg,99.00%
223.jpg,99.00%
245.jpg,99.00%
256.jpg,99.00%
261.jpg,99.00%
246.jpg,99.00%
237.jpg,99.00%
267.jpg,99.00%
266.jpg,99.00%
227.jpg,99.00%
211.jpg,99.00%
282.jpg,99.00%
224.jpg,99.00%
210.jpg,99.00%
235.jpg,99.00%
283.jpg,99.00%
208.jpg,99.00%
273.jpg,98.00%
264.jpg,98.00%
220.jpg,98.00%
213.jpg,98.00%
253.jpg,98.00%
262.jpg,97.00%
271.jpg,97.00%
252.jpg,97.00%
265.jpg,96.00%
212.jpg,95.00%
284.jpg,88.00%
